LAST NAME,FIRST NAME,EMAIL,ZIPCODE,CITY,STATE,ADDRESS
Singer,Josh,qhd1@jumpstartlab.com,14850,Ithaca,NY,201 Maple Avenue Apt. A9A
Oculi,Josh,yjholt2@jumpstartlab.com,05405,Burlington,VT,394 Pearl St.
Frenkel,Josh,llingl2@jumpstartlab.com,01720,Acton,MA,80 Wood Ln
Evarts,Josh,bnaci@jumpstartlab.com,20016,Washington,DC,"3825 Wisconsin Avenue, NW"
Hartman,Josh,ubke3@jumpstartlab.com,97405,Eugene,OR,2103 Hawkins Lane
Hammerl,Josh,imbutler@jumpstartlab.com,24060,Blacksburg,VA,1204F University Terrace
Scherch,Josh,eyll7146@jumpstartlab.com,05753,Middlebury,VT,4576 Middlebury College
Luong,Josh,hlrry71@jumpstartlab.com,30568,Rabun Gap,GA,339 Nacoochee Drive
Finney,Josh,lfrlson.208@jumpstartlab.com,24060,null,VA,null
Jones,Josh,pkay@jumpstartlab.com,06320,b,IL,b
Strauss,Josh,yuswier@jumpstartlab.com,40503,Lexington,KY,2305 Southview Drive
